INSERT INTO PERSON (sin, name, date_of_birth, house_number, street_name, postal_code, city, province, country) VALUES (111111111, 'John Doe', DATE '1990-01-01', '123', 'Main St', 'E1A2B3', 'Moncton', 'NB', 'Canada');
INSERT INTO PERSON (sin, name, date_of_birth, house_number, street_name, postal_code, city, province, country) VALUES (222222222, 'Jane Smith', DATE '1985-02-15', '456', 'First Ave', 'H3Z1X5', 'Montreal', 'QC', 'Canada');
INSERT INTO PERSON (sin, name, date_of_birth, house_number, street_name, postal_code, city, province, country) VALUES (333333333, 'Bob Johnson', DATE '1995-03-31', '789', 'Elm St', 'M5V2K6', 'Toronto', 'ON', 'Canada');
INSERT INTO PERSON (sin, name, date_of_birth, house_number, street_name, postal_code, city, province, country) VALUES (444444444, 'Alice Wong', DATE '1980-04-30', 957, 'Oak St', 'V6H3P6', 'Vancouver', 'BC', 'Canada');
INSERT INTO PERSON (sin, name, date_of_birth, house_number, street_name, postal_code, city, province, country) VALUES (555555555, 'Sam Lee', DATE '1998-05-20', '321', 'Second St', 'S4P3Y2', 'Regina', 'SK', 'Canada');
INSERT INTO PERSON (sin, name, date_of_birth, house_number, street_name, postal_code, city, province, country) VALUES (666666666, 'Karen Kim', DATE '1975-06-10', '654', 'Queen St', 'E2L4R2', 'Fredericton', 'NB', 'Canada');
INSERT INTO PERSON (sin, name, date_of_birth, house_number, street_name, postal_code, city, province, country) VALUES (777777777, 'Mark Wilson', DATE '1992-07-25', 673, 'Main St', 'E4E4E4', 'Moncton', 'NB', 'Canada');
INSERT INTO PERSON (sin, name, date_of_birth, house_number, street_name, postal_code, city, province, country) VALUES (888888888, 'Emily Jones', DATE '1987-08-13', '987', 'King St', 'W1B2G8', 'Toronto', 'ON', 'Canada');
INSERT INTO PERSON (sin, name, date_of_birth, house_number, street_name, postal_code, city, province, country) VALUES (999999999, 'David Brown', DATE '1996-09-05', '543', 'West St', 'H3C1W3', 'Montreal', 'QC', 'Canada');
INSERT INTO PERSON (sin, name, date_of_birth, house_number, street_name, postal_code, city, province, country) VALUES (123456789, 'Michael Chan', DATE '1970-10-15', '246', 'Elm St', 'V5T2V5', 'Vancouver', 'BC', 'Canada');
INSERT INTO PERSON (sin, name, date_of_birth, house_number, street_name, postal_code, city, province, country) VALUES (234567890, 'Christine Lee', DATE '1983-11-20', '135', 'Queen St', 'S4S4S4', 'Regina', 'SK', 'Canada');
INSERT INTO PERSON (sin, name, date_of_birth, house_number, street_name, postal_code, city, province, country) VALUES (345678901, 'Steven Wang', DATE '1997-12-25', '864', 'King St', 'W1J3W3', 'Toronto', 'ON', 'Canada');
INSERT INTO PERSON (sin, name, date_of_birth, house_number, street_name, postal_code, city, province, country) VALUES (456789012, 'Jessica Chen', DATE '1989-01-30', '279', 'West St', 'H2L2K2', 'Montreal', 'QC', 'Canada');
INSERT INTO PERSON (sin, name, date_of_birth, house_number, street_name, postal_code, city, province, country) VALUES (567890123, 'Kevin Zhang', DATE '1994-02-28', 912, 'Main St', 'E1C1A1', 'Moncton', 'NB', 'Canada');
INSERT INTO PERSON (sin, name, date_of_birth, house_number, street_name, postal_code, city, province, country) VALUES (678901234, 'Mary Davis', DATE '1981-03-15', '753', 'First Ave', 'H4H4H4', 'Montreal', 'QC', 'Canada');
INSERT INTO PERSON (sin, name, date_of_birth, house_number, street_name, postal_code, city, province, country) VALUES (789012345, 'Ryan Ng', DATE '1999-04-20', '741', 'Second St', 'M4M4M4', 'Toronto', 'ON', 'Canada');
INSERT INTO PERSON (sin, name, date_of_birth, house_number, street_name, postal_code, city, province, country) VALUES (890123456, 'Grace Wong', DATE '1976-05-31', '982', 'Queen St', 'W1K1H1', 'Toronto', 'ON', 'Canada');
INSERT INTO PERSON (sin, name, date_of_birth, house_number, street_name, postal_code, city, province, country) VALUES (901234567, 'Susan Chen', DATE '1991-06-25', '357', 'Elm St', 'V6E2C2', 'Vancouver', 'BC', 'Canada');
INSERT INTO PERSON (sin, name, date_of_birth, house_number, street_name, postal_code, city, province, country) VALUES (12345678, 'Thomas Li', DATE '1986-07-05', '468', 'King St', 'S4P4P4', 'Regina', 'SK', 'Canada');
INSERT INTO PERSON (sin, name, date_of_birth, house_number, street_name, postal_code, city, province, country) VALUES (123450987, 'Carol Kim', DATE '1993-08-10', '159', 'West St', 'H2M2M2', 'Montreal', 'QC', 'Canada');

INSERT INTO HOSPITAL (hospital_id,  hospital_name, house_number,  street_name,  postal_code,  city, province,  country) VALUES (1, 'Rocky View Hospital', 123, 'Main St.' , 'H2X 2H8' , 'Montreal' , 'Quebec' , 'Canada');
INSERT INTO HOSPITAL (hospital_id,  hospital_name, house_number,  street_name,  postal_code,  city, province,  country) VALUES (2, 'Rosewood General Hospital', 456, 'Elm St.' , 'M5S 1A1' , 'Toronto' , 'Ontario' , 'Canada');
INSERT INTO HOSPITAL (hospital_id,  hospital_name, house_number,  street_name,  postal_code,  city, province,  country) VALUES (3, 'Sunset Ridge Medical Center', 789, 'Maple St.' , 'V6B 2W1' , 'Vancouver' , 'British Columbia' , 'Canada');
INSERT INTO HOSPITAL (hospital_id,  hospital_name, house_number,  street_name,  postal_code,  city, province,  country) VALUES (4, 'Oceanview Community Hospital', 1000, 'Oxford St.' , 'W1D 1NN' , 'London' , 'England' , 'UK');
INSERT INTO HOSPITAL (hospital_id,  hospital_name, house_number,  street_name,  postal_code,  city, province,  country) VALUES (5, 'Forest Hill Regional Medical Center', 1234, 'Market St.' , '94102' , 'San Francisco' , 'California' , 'USA');

INSERT INTO DEPARTMENT (department_num, number_of_rooms, name, hospital_id) VALUES (1, 10, 'Cardiology', 1);
INSERT INTO DEPARTMENT (department_num, number_of_rooms, name, hospital_id) VALUES (2, 15, 'Neurology', 1);
INSERT INTO DEPARTMENT (department_num, number_of_rooms, name, hospital_id) VALUES (3, 8, 'Dermatology', 1);
INSERT INTO DEPARTMENT (department_num, number_of_rooms, name, hospital_id) VALUES (4, 12, 'Pediatrics', 1);
INSERT INTO DEPARTMENT (department_num, number_of_rooms, name, hospital_id) VALUES (5, 20, 'Orthopedics', 1);
INSERT INTO DEPARTMENT (department_num, number_of_rooms, name, hospital_id) VALUES (6, 14, 'Cardiac Surgery', 2);
INSERT INTO DEPARTMENT (department_num, number_of_rooms, name, hospital_id) VALUES (7, 7, 'Pulmonology', 2);
INSERT INTO DEPARTMENT (department_num, number_of_rooms, name, hospital_id) VALUES (8, 9, 'Endocrinology', 2);
INSERT INTO DEPARTMENT (department_num, number_of_rooms, name, hospital_id) VALUES (9, 11, 'Oncology', 2);
INSERT INTO DEPARTMENT (department_num, number_of_rooms, name, hospital_id) VALUES (10, 18, 'Physical Therapy', 2);
INSERT INTO DEPARTMENT (department_num, number_of_rooms, name, hospital_id) VALUES (11, 5, 'Gastroenterology', 3);
INSERT INTO DEPARTMENT (department_num, number_of_rooms, name, hospital_id) VALUES (12, 6, 'Rheumatology', 3);
INSERT INTO DEPARTMENT (department_num, number_of_rooms, name, hospital_id) VALUES (13, 4, 'Infectious Diseases', 3);
INSERT INTO DEPARTMENT (department_num, number_of_rooms, name, hospital_id) VALUES (14, 10, 'Obstetrics and Gynecology', 3);
INSERT INTO DEPARTMENT (department_num, number_of_rooms, name, hospital_id) VALUES (15, 15, 'Ophthalmology', 3);
INSERT INTO DEPARTMENT (department_num, number_of_rooms, name, hospital_id) VALUES (16, 12, 'Psychiatry', 4);
INSERT INTO DEPARTMENT (department_num, number_of_rooms, name, hospital_id) VALUES (17, 8, 'Ear Nose and Throat', 4);
INSERT INTO DEPARTMENT (department_num, number_of_rooms, name, hospital_id) VALUES (18, 10, 'Urology', 4);
INSERT INTO DEPARTMENT (department_num, number_of_rooms, name, hospital_id) VALUES (19, 6, 'Anesthesiology', 4);
INSERT INTO DEPARTMENT (department_num, number_of_rooms, name, hospital_id) VALUES (20, 15, 'Intensive Care', 4);
INSERT INTO DEPARTMENT (department_num, number_of_rooms, name, hospital_id) VALUES (21, 12, 'Cardiology', 5);
INSERT INTO DEPARTMENT (department_num, number_of_rooms, name, hospital_id) VALUES (22, 10, 'Neurology', 5);
INSERT INTO DEPARTMENT (department_num, number_of_rooms, name, hospital_id) VALUES (23, 8, 'Dermatology', 5);
INSERT INTO DEPARTMENT (department_num, number_of_rooms, name, hospital_id) VALUES (24, 14, 'Pediatrics', 5);
INSERT INTO DEPARTMENT (department_num, number_of_rooms, name, hospital_id) VALUES (25, 18, 'Orthopedics', 5);

INSERT INTO ROOM (hospital_id, room_number, room_type, size_sqft, occupied, dept_no) VALUES (1, 101, 'ward', 200, 0, 1);
INSERT INTO ROOM (hospital_id, room_number, room_type, size_sqft, occupied, dept_no) VALUES (1, 102, 'ward', 250, 1, 2);
INSERT INTO ROOM (hospital_id, room_number, room_type, size_sqft, occupied, dept_no) VALUES (1, 103, 'ward', 300, 0, 3);
INSERT INTO ROOM (hospital_id, room_number, room_type, size_sqft, occupied, dept_no) VALUES (1, 104, 'operating room', 400, 1, 4);
INSERT INTO ROOM (hospital_id, room_number, room_type, size_sqft, occupied, dept_no) VALUES (1, 105, 'private room', 150, 0, 5);
INSERT INTO ROOM (hospital_id, room_number, room_type, size_sqft, occupied, dept_no) VALUES (2, 201, 'ward', 200, 0, 6);
INSERT INTO ROOM (hospital_id, room_number, room_type, size_sqft, occupied, dept_no) VALUES (2, 202, 'ward', 250, 1, 7);
INSERT INTO ROOM (hospital_id, room_number, room_type, size_sqft, occupied, dept_no) VALUES (2, 203, 'ward', 300, 0, 8);
INSERT INTO ROOM (hospital_id, room_number, room_type, size_sqft, occupied, dept_no) VALUES (2, 204, 'operating room', 400, 1, 9);
INSERT INTO ROOM (hospital_id, room_number, room_type, size_sqft, occupied, dept_no) VALUES (2, 205, 'private room', 150, 0, 10);
INSERT INTO ROOM (hospital_id, room_number, room_type, size_sqft, occupied, dept_no) VALUES (3, 301, 'ward', 200, 0, 11);
INSERT INTO ROOM (hospital_id, room_number, room_type, size_sqft, occupied, dept_no) VALUES (3, 302, 'ward', 250, 1, 12);
INSERT INTO ROOM (hospital_id, room_number, room_type, size_sqft, occupied, dept_no) VALUES (3, 303, 'ward', 300, 0, 13);
INSERT INTO ROOM (hospital_id, room_number, room_type, size_sqft, occupied, dept_no) VALUES (3, 304, 'operating room', 400, 1, 14);
INSERT INTO ROOM (hospital_id, room_number, room_type, size_sqft, occupied, dept_no) VALUES (3, 305, 'private room', 150, 0, 15);
INSERT INTO ROOM (hospital_id, room_number, room_type, size_sqft, occupied, dept_no) VALUES (4, 401, 'ward', 200, 0, 16);
INSERT INTO ROOM (hospital_id, room_number, room_type, size_sqft, occupied, dept_no) VALUES (4, 402, 'ward', 250, 1, 17);
INSERT INTO ROOM (hospital_id, room_number, room_type, size_sqft, occupied, dept_no) VALUES (4, 403, 'ward', 300, 0, 18);
INSERT INTO ROOM (hospital_id, room_number, room_type, size_sqft, occupied, dept_no) VALUES (4, 404, 'operating room', 400, 1, 19);
INSERT INTO ROOM (hospital_id, room_number, room_type, size_sqft, occupied, dept_no) VALUES (4, 405, 'private room', 150, 0, 20);
INSERT INTO ROOM (hospital_id, room_number, room_type, size_sqft, occupied, dept_no) VALUES (5, 501, 'ward', 200, 0, 21);
INSERT INTO ROOM (hospital_id, room_number, room_type, size_sqft, occupied, dept_no) VALUES (5, 502, 'ward', 250, 1, 22);
INSERT INTO ROOM (hospital_id, room_number, room_type, size_sqft, occupied, dept_no) VALUES (5, 503, 'ward', 300, 0, 23);
INSERT INTO ROOM (hospital_id, room_number, room_type, size_sqft, occupied, dept_no) VALUES (5, 504, 'operating room', 400, 1, 24);
INSERT INTO ROOM (hospital_id, room_number, room_type, size_sqft, occupied, dept_no) VALUES (5, 505, 'private room', 150, 0, 25);
INSERT INTO ROOM (hospital_id, room_number, room_type, size_sqft, occupied, dept_no) VALUES (1, 106, 'ward', 200, 0, 1);
INSERT INTO ROOM (hospital_id, room_number, room_type, size_sqft, occupied, dept_no) VALUES (1, 107, 'ward', 250, 1, 2);
INSERT INTO ROOM (hospital_id, room_number, room_type, size_sqft, occupied, dept_no) VALUES (1, 108, 'ward', 300, 0, 3);
INSERT INTO ROOM (hospital_id, room_number, room_type, size_sqft, occupied, dept_no) VALUES (1, 109, 'operating room', 400, 1, 4);
INSERT INTO ROOM (hospital_id, room_number, room_type, size_sqft, occupied, dept_no) VALUES (1, 110, 'private room', 150, 0, 5);
INSERT INTO ROOM (hospital_id, room_number, room_type, size_sqft, occupied, dept_no) VALUES (2, 206, 'ward', 200, 0, 6);
INSERT INTO ROOM (hospital_id, room_number, room_type, size_sqft, occupied, dept_no) VALUES (2, 207, 'ward', 250, 1, 7);
INSERT INTO ROOM (hospital_id, room_number, room_type, size_sqft, occupied, dept_no) VALUES (2, 208, 'ward', 300, 0, 8);
INSERT INTO ROOM (hospital_id, room_number, room_type, size_sqft, occupied, dept_no) VALUES (2, 209, 'operating room', 400, 1, 9);
INSERT INTO ROOM (hospital_id, room_number, room_type, size_sqft, occupied, dept_no) VALUES (2, 210, 'private room', 150, 0, 10);
INSERT INTO ROOM (hospital_id, room_number, room_type, size_sqft, occupied, dept_no) VALUES (3, 306, 'ward', 200, 0, 11);
INSERT INTO ROOM (hospital_id, room_number, room_type, size_sqft, occupied, dept_no) VALUES (3, 307, 'ward', 250, 1, 12);
INSERT INTO ROOM (hospital_id, room_number, room_type, size_sqft, occupied, dept_no) VALUES (3, 308, 'ward', 300, 0, 13);
INSERT INTO ROOM (hospital_id, room_number, room_type, size_sqft, occupied, dept_no) VALUES (3, 309, 'operating room', 400, 1, 14);
INSERT INTO ROOM (hospital_id, room_number, room_type, size_sqft, occupied, dept_no) VALUES (3, 310, 'private room', 150, 0, 15);
INSERT INTO ROOM (hospital_id, room_number, room_type, size_sqft, occupied, dept_no) VALUES (4, 406, 'ward', 200, 0, 16);
INSERT INTO ROOM (hospital_id, room_number, room_type, size_sqft, occupied, dept_no) VALUES (4, 407, 'ward', 250, 1, 17);
INSERT INTO ROOM (hospital_id, room_number, room_type, size_sqft, occupied, dept_no) VALUES (4, 408, 'ward', 300, 0, 18);
INSERT INTO ROOM (hospital_id, room_number, room_type, size_sqft, occupied, dept_no) VALUES (4, 409, 'operating room', 400, 1, 19);
INSERT INTO ROOM (hospital_id, room_number, room_type, size_sqft, occupied, dept_no) VALUES (4, 410, 'private room', 150, 0, 20);
INSERT INTO ROOM (hospital_id, room_number, room_type, size_sqft, occupied, dept_no) VALUES (5, 506, 'ward', 200, 0, 21);
INSERT INTO ROOM (hospital_id, room_number, room_type, size_sqft, occupied, dept_no) VALUES (5, 507, 'ward', 250, 1, 22);
INSERT INTO ROOM (hospital_id, room_number, room_type, size_sqft, occupied, dept_no) VALUES (5, 508, 'ward', 300, 0, 23);
INSERT INTO ROOM (hospital_id, room_number, room_type, size_sqft, occupied, dept_no) VALUES (5, 509, 'operating room', 400, 1, 24);
INSERT INTO ROOM (hospital_id, room_number, room_type, size_sqft, occupied, dept_no) VALUES (5, 510, 'private room', 150, 0, 25);

INSERT INTO SUPPLIES (item_id,  name,  price,  category,  quantity,  hospital_id,  room_number) VALUES (1,  'item1', 10.99,  'category1', 100, 1, 101);
INSERT INTO SUPPLIES (item_id,  name,  price,  category,  quantity,  hospital_id,  room_number) VALUES (2,  'item2', 9.99,  'category1', 50, 1, 102);
INSERT INTO SUPPLIES (item_id,  name,  price,  category,  quantity,  hospital_id,  room_number) VALUES (3,  'item3', 15.99,  'category2', 75, 1, 103);
INSERT INTO SUPPLIES (item_id,  name,  price,  category,  quantity,  hospital_id,  room_number) VALUES (4,  'item4', 12.5,  'category2', 30, 1, 104);
INSERT INTO SUPPLIES (item_id,  name,  price,  category,  quantity,  hospital_id,  room_number) VALUES (5,  'item5', 8.99,  'category1', 20, 1, 105);
INSERT INTO SUPPLIES (item_id,  name,  price,  category,  quantity,  hospital_id,  room_number) VALUES (6,  'item6', 11.99,  'category3', 60, 2,  201);
INSERT INTO SUPPLIES (item_id,  name,  price,  category,  quantity,  hospital_id,  room_number) VALUES (7,  'item7', 13.99,  'category3', 45, 2,  202);
INSERT INTO SUPPLIES (item_id,  name,  price,  category,  quantity,  hospital_id,  room_number) VALUES (8,  'item8', 16.99,  'category2', 90, 2,  203);
INSERT INTO SUPPLIES (item_id,  name,  price,  category,  quantity,  hospital_id,  room_number) VALUES (9,  'item9', 20.5,  'category1', 25, 2,  204);
INSERT INTO SUPPLIES (item_id,  name,  price,  category,  quantity,  hospital_id,  room_number) VALUES (10,  'item10', 18.75,  'category2', 70, 2,  205);
INSERT INTO SUPPLIES (item_id,  name,  price,  category,  quantity,  hospital_id,  room_number) VALUES (11,  'item11', 7.5,  'category1', 40, 3,  301);
INSERT INTO SUPPLIES (item_id,  name,  price,  category,  quantity,  hospital_id,  room_number) VALUES (12,  'item12', 14.99,  'category1', 55, 3,  302);
INSERT INTO SUPPLIES (item_id,  name,  price,  category,  quantity,  hospital_id,  room_number) VALUES (13,  'item13', 9.5,  'category3', 80, 3,  303);
INSERT INTO SUPPLIES (item_id,  name,  price,  category,  quantity,  hospital_id,  room_number) VALUES (14,  'item14', 23.99,  'category2', 15, 3,  304);
INSERT INTO SUPPLIES (item_id,  name,  price,  category,  quantity,  hospital_id,  room_number) VALUES (15,  'item15', 17.99,  'category3', 65, 3,  305);
INSERT INTO SUPPLIES (item_id,  name,  price,  category,  quantity,  hospital_id,  room_number) VALUES (16,  'item16', 12.5,  'category1', 35, 4,  401);
INSERT INTO SUPPLIES (item_id,  name,  price,  category,  quantity,  hospital_id,  room_number) VALUES (17,  'item17', 19.99,  'category2', 25, 4,  402);
INSERT INTO SUPPLIES (item_id,  name,  price,  category,  quantity,  hospital_id,  room_number) VALUES (18,  'item18', 8.99,  'category3', 95, 4,  403);
INSERT INTO SUPPLIES (item_id,  name,  price,  category,  quantity,  hospital_id,  room_number) VALUES (19,  'item19', 14.5,  'category1', 80, 4,  404);
INSERT INTO SUPPLIES (item_id,  name,  price,  category,  quantity,  hospital_id,  room_number) VALUES (20,  'item20', 10.75,  'category2', 50, 4,  405);
INSERT INTO SUPPLIES (item_id,  name,  price,  category,  quantity,  hospital_id,  room_number) VALUES (21,  'item21', 11.5,  'category1', 60, 5,  501);
INSERT INTO SUPPLIES (item_id,  name,  price,  category,  quantity,  hospital_id,  room_number) VALUES (22,  'item22', 7.99,  'category2', 70, 5,  502);
INSERT INTO SUPPLIES (item_id,  name,  price,  category,  quantity,  hospital_id,  room_number) VALUES (23,  'item23', 18.99,  'category3', 40, 5,  503);
INSERT INTO SUPPLIES (item_id,  name,  price,  category,  quantity,  hospital_id,  room_number) VALUES (24,  'item24', 22.5,  'category2', 10, 5,  504);
INSERT INTO SUPPLIES (item_id,  name,  price,  category,  quantity,  hospital_id,  room_number) VALUES (25,  'item25', 9.99,  'category1', 30, 5,  505);
INSERT INTO SUPPLIES (item_id,  name,  price,  category,  quantity,  hospital_id,  room_number) VALUES (26,  'item26', 13.5,  'category1', 85, 1,  106);
INSERT INTO SUPPLIES (item_id,  name,  price,  category,  quantity,  hospital_id,  room_number) VALUES (27,  'item27', 15.99,  'category2', 60, 1,  107);
INSERT INTO SUPPLIES (item_id,  name,  price,  category,  quantity,  hospital_id,  room_number) VALUES (28,  'item28', 17.5,  'category1', 50, 1,  108);
INSERT INTO SUPPLIES (item_id,  name,  price,  category,  quantity,  hospital_id,  room_number) VALUES (29,  'item29', 10.99,  'category3', 90, 1,  109);
INSERT INTO SUPPLIES (item_id,  name,  price,  category,  quantity,  hospital_id,  room_number) VALUES (30,  'item30', 12.75,  'category2', 40, 1,  110);
INSERT INTO SUPPLIES (item_id,  name,  price,  category,  quantity,  hospital_id,  room_number) VALUES (31,  'item31', 9.99,  'category1', 70, 2,  206);
INSERT INTO SUPPLIES (item_id,  name,  price,  category,  quantity,  hospital_id,  room_number) VALUES (32,  'item32', 14.99,  'category2', 55, 2,  207);
INSERT INTO SUPPLIES (item_id,  name,  price,  category,  quantity,  hospital_id,  room_number) VALUES (33,  'item33', 18.5,  'category1', 30, 2,  208);
INSERT INTO SUPPLIES (item_id,  name,  price,  category,  quantity,  hospital_id,  room_number) VALUES (34,  'item34', 7.5,  'category3', 100, 2,  209);
INSERT INTO SUPPLIES (item_id,  name,  price,  category,  quantity,  hospital_id,  room_number) VALUES (35,  'item35', 21.99,  'category2', 20, 2,  210);
INSERT INTO SUPPLIES (item_id,  name,  price,  category,  quantity,  hospital_id,  room_number) VALUES (36,  'item36', 16.5,  'category1', 65, 3,  306);
INSERT INTO SUPPLIES (item_id,  name,  price,  category,  quantity,  hospital_id,  room_number) VALUES (37,  'item37', 8.99,  'category3', 75, 3,  307);
INSERT INTO SUPPLIES (item_id,  name,  price,  category,  quantity,  hospital_id,  room_number) VALUES (38,  'item38', 12.99,  'category1', 50, 3,  308);
INSERT INTO SUPPLIES (item_id,  name,  price,  category,  quantity,  hospital_id,  room_number) VALUES (39,  'item39', 19.99,  'category2', 25, 3,  309);
INSERT INTO SUPPLIES (item_id,  name,  price,  category,  quantity,  hospital_id,  room_number) VALUES (40,  'item40', 15.5,  'category3', 45, 3,  310);
INSERT INTO SUPPLIES (item_id,  name,  price,  category,  quantity,  hospital_id,  room_number) VALUES (41,  'item41', 11.99,  'category1', 55, 4,  406);
INSERT INTO SUPPLIES (item_id,  name,  price,  category,  quantity,  hospital_id,  room_number) VALUES (42,  'item42', 14.5,  'category2', 35, 4,  407);
INSERT INTO SUPPLIES (item_id,  name,  price,  category,  quantity,  hospital_id,  room_number) VALUES (43,  'item43', 9.75,  'category1', 90, 4,  408);
INSERT INTO SUPPLIES (item_id,  name,  price,  category,  quantity,  hospital_id,  room_number) VALUES (44,  'item44', 16.99,  'category3', 30, 4,  409);
INSERT INTO SUPPLIES (item_id,  name,  price,  category,  quantity,  hospital_id,  room_number) VALUES (45,  'item45', 20.5,  'category2', 15, 4,  410);
INSERT INTO SUPPLIES (item_id,  name,  price,  category,  quantity,  hospital_id,  room_number) VALUES (46,  'item46', 22.99,  'category1', 25, 5,  506);
INSERT INTO SUPPLIES (item_id,  name,  price,  category,  quantity,  hospital_id,  room_number) VALUES (47,  'item47', 17.99,  'category3', 55, 5,  507);
INSERT INTO SUPPLIES (item_id,  name,  price,  category,  quantity,  hospital_id,  room_number) VALUES (48,  'item48', 11.5,  'category1', 70, 5,  508);
INSERT INTO SUPPLIES (item_id,  name,  price,  category,  quantity,  hospital_id,  room_number) VALUES (49,  'item49', 8.99,  'category2', 80, 5,  509);
INSERT INTO SUPPLIES (item_id,  name,  price,  category,  quantity,  hospital_id,  room_number) VALUES (50,  'item50', 12.75,  'category3', 50, 5,  510);

INSERT INTO ACCOUNT_INFORMATION (sin,  email,  username,  password) VALUES (111111111,  '111111111@example.com',  '111111111',  'p@$$w0rd');
INSERT INTO ACCOUNT_INFORMATION (sin,  email,  username,  password) VALUES (222222222,  '222222222_2@example.com',  '222222222',  'password123');
INSERT INTO ACCOUNT_INFORMATION (sin,  email,  username,  password) VALUES (333333333,  '333333333@example.com',  '333333333',  'iloveyou');
INSERT INTO ACCOUNT_INFORMATION (sin,  email,  username,  password) VALUES (444444444,  '444444444@example.com',  '444444444',  'abc123');
INSERT INTO ACCOUNT_INFORMATION (sin,  email,  username,  password) VALUES (555555555,  '555555555@example.com',  '555555555',  'admin');
INSERT INTO ACCOUNT_INFORMATION (sin,  email,  username,  password) VALUES (666666666,  '666666666@example.com',  '666666666',  'dragon');
INSERT INTO ACCOUNT_INFORMATION (sin,  email,  username,  password) VALUES (777777777,  '777777777@example.com',  '777777777',  'letmein');
INSERT INTO ACCOUNT_INFORMATION (sin,  email,  username,  password) VALUES (888888888,  '888888888@example.com',  '888888888',  'qazwsx');
INSERT INTO ACCOUNT_INFORMATION (sin,  email,  username,  password) VALUES (999999999,  '999999999@example.com',  '999999999',  'passw0rd');
INSERT INTO ACCOUNT_INFORMATION (sin,  email,  username,  password) VALUES (123456789,  '123456789_2@example.com',  '123456789',  'letmein');
INSERT INTO ACCOUNT_INFORMATION (sin,  email,  username,  password) VALUES (234567890,  '234567890@example.com',  '234567890',  'monkey');
INSERT INTO ACCOUNT_INFORMATION (sin,  email,  username,  password) VALUES (345678901,  '345678901_2@example.com',  '345678901',  'p@$$w0rd');
INSERT INTO ACCOUNT_INFORMATION (sin,  email,  username,  password) VALUES (456789012,  '456789012_2@example.com',  '456789012',  's3cr3t');
INSERT INTO ACCOUNT_INFORMATION (sin,  email,  username,  password) VALUES (567890123,  '567890123_2@example.com',  '567890123',  'letmein');
INSERT INTO ACCOUNT_INFORMATION (sin,  email,  username,  password) VALUES (678901234,  '678901234_2@example.com',  '678901234',  'abc123');
INSERT INTO ACCOUNT_INFORMATION (sin,  email,  username,  password) VALUES (789012345,  '789012345_2@example.com',  '789012456',  '890123');
INSERT INTO ACCOUNT_INFORMATION (sin,  email,  username,  password) VALUES (890123456,  '890123456_2@example.com',  '890123456',  'letmein');
INSERT INTO ACCOUNT_INFORMATION (sin,  email,  username,  password) VALUES (901234567,  '901234567@example.com',  '901234567',  's3cr3t');
INSERT INTO ACCOUNT_INFORMATION (sin,  email,  username,  password) VALUES (12345678,  '12345678_2@example.com',  '12345678',  'p@$$w0rd');
INSERT INTO ACCOUNT_INFORMATION (sin,  email,  username,  password) VALUES (123450987,  '123450987_2@example.com',  '123450987',  'admin123');

INSERT INTO DOCTOR (sin, qualification, specialization, dept_no) VALUES (111111111,  'MD',  'Cardiology',  1);
INSERT INTO DOCTOR (sin, qualification, specialization, dept_no) VALUES (222222222,  'MBBS',  'Gynecology',  2);
INSERT INTO DOCTOR (sin, qualification, specialization, dept_no) VALUES (333333333,  'MD',  'Oncology',  3);
INSERT INTO DOCTOR (sin, qualification, specialization, dept_no) VALUES (444444444,  'MBBS',  'Pediatrics',  4);
INSERT INTO DOCTOR (sin, qualification, specialization, dept_no) VALUES (555555555,  'MD',  'Neurology',  5);
INSERT INTO DOCTOR (sin, qualification, specialization, dept_no) VALUES (666666666,  'MBBS',  'Orthopedics',  6);
INSERT INTO DOCTOR (sin, qualification, specialization, dept_no) VALUES (777777777,  'MD',  'Psychiatry',  7);
INSERT INTO DOCTOR (sin, qualification, specialization, dept_no) VALUES (888888888,  'MBBS',  'Radiology',  8);
INSERT INTO DOCTOR (sin, qualification, specialization, dept_no) VALUES (999999999,  'MD',  'Surgery',  9);
INSERT INTO DOCTOR (sin, qualification, specialization, dept_no) VALUES (123456789,  'MBBS',  'Dermatology',  10);
INSERT INTO DOCTOR (sin, qualification, specialization, dept_no) VALUES (234567890,  'MD',  'Endocrinology',  11);
INSERT INTO DOCTOR (sin, qualification, specialization, dept_no) VALUES (345678901,  'MBBS',  'Gastroenterology',  12);
INSERT INTO DOCTOR (sin, qualification, specialization, dept_no) VALUES (456789012,  'MD',  'Hematology',  13);
INSERT INTO DOCTOR (sin, qualification, specialization, dept_no) VALUES (567890123,  'MBBS',  'Infectious Diseases',  14);
INSERT INTO DOCTOR (sin, qualification, specialization, dept_no) VALUES (678901234,  'MD',  'Nephrology',  15);
INSERT INTO DOCTOR (sin, qualification, specialization, dept_no) VALUES (789012345,  'MBBS',  'Pulmonology',  16);
INSERT INTO DOCTOR (sin, qualification, specialization, dept_no) VALUES (890123456,  'MD',  'Rheumatology',  17);
INSERT INTO DOCTOR (sin, qualification, specialization, dept_no) VALUES (901234567,  'MBBS',  'Urology',  18);
INSERT INTO DOCTOR (sin, qualification, specialization, dept_no) VALUES (12345678,  'MD',  'Anesthesiology',  19);
INSERT INTO DOCTOR (sin, qualification, specialization, dept_no) VALUES (123450987,  'MBBS',  'Family Medicine',  20);

INSERT INTO PATIENT (SIN, WEIGHT_KG, HEIGHT_FT, SEX, HOSPITAL_ID, ROOM_NO) VALUES (111111111, 80.5, '6-1"', 'Male', 1, 101);
INSERT INTO PATIENT (SIN, WEIGHT_KG, HEIGHT_FT, SEX, HOSPITAL_ID, ROOM_NO) VALUES (222222222, 65.2, '5-7"', 'Female', 1, 102);
INSERT INTO PATIENT (SIN, WEIGHT_KG, HEIGHT_FT, SEX, HOSPITAL_ID, ROOM_NO) VALUES (333333333, 73.1, '5-11"', 'Male', 1, 103);
INSERT INTO PATIENT (SIN, WEIGHT_KG, HEIGHT_FT, SEX, HOSPITAL_ID, ROOM_NO) VALUES (444444444, 91.7, '6-4"', 'Male', 1, 104);
INSERT INTO PATIENT (SIN, WEIGHT_KG, HEIGHT_FT, SEX, HOSPITAL_ID, ROOM_NO) VALUES (555555555, 62.9, '5-5"', 'Female', 1, 105);
INSERT INTO PATIENT (SIN, WEIGHT_KG, HEIGHT_FT, SEX, HOSPITAL_ID, ROOM_NO) VALUES (666666666, 79.3, '6-0"', 'Male', 2, 201);
INSERT INTO PATIENT (SIN, WEIGHT_KG, HEIGHT_FT, SEX, HOSPITAL_ID, ROOM_NO) VALUES (777777777, 58.6, '5-2"', 'Female', 2, 202);
INSERT INTO PATIENT (SIN, WEIGHT_KG, HEIGHT_FT, SEX, HOSPITAL_ID, ROOM_NO) VALUES (888888888, 84.9, '6-2"', 'Male', 2, 203);
INSERT INTO PATIENT (SIN, WEIGHT_KG, HEIGHT_FT, SEX, HOSPITAL_ID, ROOM_NO) VALUES (999999999, 67.8, '5-8"', 'Female', 2, 204);
INSERT INTO PATIENT (SIN, WEIGHT_KG, HEIGHT_FT, SEX, HOSPITAL_ID, ROOM_NO) VALUES (123456789, 72.4, '5-10"', 'Male', 2, 205);
INSERT INTO PATIENT (SIN, WEIGHT_KG, HEIGHT_FT, SEX, HOSPITAL_ID, ROOM_NO) VALUES (234567890, 54.3, '4-11"', 'Female', 3, 301);
INSERT INTO PATIENT (SIN, WEIGHT_KG, HEIGHT_FT, SEX, HOSPITAL_ID, ROOM_NO) VALUES (345678901, 76.8, '6-1"', 'Male', 3, 302);
INSERT INTO PATIENT (SIN, WEIGHT_KG, HEIGHT_FT, SEX, HOSPITAL_ID, ROOM_NO) VALUES (456789012, 61.1, '5-6"', 'Female', 3, 303);
INSERT INTO PATIENT (SIN, WEIGHT_KG, HEIGHT_FT, SEX, HOSPITAL_ID, ROOM_NO) VALUES (567890123, 87.2, '6-3"', 'Male', 3, 304);
INSERT INTO PATIENT (SIN, WEIGHT_KG, HEIGHT_FT, SEX, HOSPITAL_ID, ROOM_NO) VALUES (678901234, 69.5, '5-9"', 'Female', 3, 305);
INSERT INTO PATIENT (SIN, WEIGHT_KG, HEIGHT_FT, SEX, HOSPITAL_ID, ROOM_NO) VALUES (789012345, 83.6, '6-2"', 'Male', 4, 401);
INSERT INTO PATIENT (SIN, WEIGHT_KG, HEIGHT_FT, SEX, HOSPITAL_ID, ROOM_NO) VALUES (890123456, 56.4, '5-0"', 'Female', 4, 402);
INSERT INTO PATIENT (SIN, WEIGHT_KG, HEIGHT_FT, SEX, HOSPITAL_ID, ROOM_NO) VALUES (901234567, 74.7, '5-11"', 'Male', 4, 403);
INSERT INTO PATIENT (SIN, WEIGHT_KG, HEIGHT_FT, SEX, HOSPITAL_ID, ROOM_NO) VALUES (12345678, 48.2, '4-6"', 'Female', 4, 404);
INSERT INTO PATIENT (SIN, WEIGHT_KG, HEIGHT_FT, SEX, HOSPITAL_ID, ROOM_NO) VALUES (123450987, 68.9, '5-8"', 'Male', 4, 405);

INSERT INTO DOCTOR_ATTENDS_PATIENT (doctor_sin, patient_sin) VALUES (111111111, 222222222);
INSERT INTO DOCTOR_ATTENDS_PATIENT (doctor_sin, patient_sin) VALUES (222222222, 333333333);
INSERT INTO DOCTOR_ATTENDS_PATIENT (doctor_sin, patient_sin) VALUES (333333333, 444444444);
INSERT INTO DOCTOR_ATTENDS_PATIENT (doctor_sin, patient_sin) VALUES (444444444, 555555555);
INSERT INTO DOCTOR_ATTENDS_PATIENT (doctor_sin, patient_sin) VALUES (555555555, 666666666);
INSERT INTO DOCTOR_ATTENDS_PATIENT (doctor_sin, patient_sin) VALUES (666666666, 777777777);
INSERT INTO DOCTOR_ATTENDS_PATIENT (doctor_sin, patient_sin) VALUES (777777777, 888888888);
INSERT INTO DOCTOR_ATTENDS_PATIENT (doctor_sin, patient_sin) VALUES (888888888, 999999999);
INSERT INTO DOCTOR_ATTENDS_PATIENT (doctor_sin, patient_sin) VALUES (999999999, 123456789);
INSERT INTO DOCTOR_ATTENDS_PATIENT (doctor_sin, patient_sin) VALUES (123456789, 234567890);
INSERT INTO DOCTOR_ATTENDS_PATIENT (doctor_sin, patient_sin) VALUES (234567890, 345678901);
INSERT INTO DOCTOR_ATTENDS_PATIENT (doctor_sin, patient_sin) VALUES (345678901, 456789012);
INSERT INTO DOCTOR_ATTENDS_PATIENT (doctor_sin, patient_sin) VALUES (456789012, 567890123);
INSERT INTO DOCTOR_ATTENDS_PATIENT (doctor_sin, patient_sin) VALUES (567890123, 678901234);
INSERT INTO DOCTOR_ATTENDS_PATIENT (doctor_sin, patient_sin) VALUES (678901234, 789012345);
INSERT INTO DOCTOR_ATTENDS_PATIENT (doctor_sin, patient_sin) VALUES (789012345, 890123456);
INSERT INTO DOCTOR_ATTENDS_PATIENT (doctor_sin, patient_sin) VALUES (890123456, 901234567);
INSERT INTO DOCTOR_ATTENDS_PATIENT (doctor_sin, patient_sin) VALUES (901234567, 123450987);
INSERT INTO DOCTOR_ATTENDS_PATIENT (doctor_sin, patient_sin) VALUES (123450987, 111111111);

INSERT INTO MEDICAL_RECORD (patient_sin,  doctor_name,  nurse_name,  guardian_name) VALUES (111111111, 'Dr. Johnson', 'Nurse Smith', 'Mary Johnson');
INSERT INTO MEDICAL_RECORD (patient_sin,  doctor_name,  nurse_name,  guardian_name) VALUES (222222222, 'Dr. Rodriguez', 'Nurse Davis', 'John Rodriguez');
INSERT INTO MEDICAL_RECORD (patient_sin,  doctor_name,  nurse_name,  guardian_name) VALUES (333333333, 'Dr. Lee', 'Nurse Brown', 'Michelle Lee');
INSERT INTO MEDICAL_RECORD (patient_sin,  doctor_name,  nurse_name,  guardian_name) VALUES (444444444, 'Dr. Patel', 'Nurse Wilson', 'Michael Patel');
INSERT INTO MEDICAL_RECORD (patient_sin,  doctor_name,  nurse_name,  guardian_name) VALUES (555555555, 'Dr. Wong', 'Nurse Kim', 'Emily Wong');
INSERT INTO MEDICAL_RECORD (patient_sin,  doctor_name,  nurse_name,  guardian_name) VALUES (666666666, 'Dr. Singh', 'Nurse Johnson', 'Samantha Singh');
INSERT INTO MEDICAL_RECORD (patient_sin,  doctor_name,  nurse_name,  guardian_name) VALUES (777777777, 'Dr. Martinez', 'Nurse Martinez', 'Isabella Martinez');
INSERT INTO MEDICAL_RECORD (patient_sin,  doctor_name,  nurse_name,  guardian_name) VALUES (888888888, 'Dr. Kim', 'Nurse Kim', 'David Kim');
INSERT INTO MEDICAL_RECORD (patient_sin,  doctor_name,  nurse_name,  guardian_name) VALUES (999999999, 'Dr. Chen', 'Nurse Chen', 'Jennifer Chen');
INSERT INTO MEDICAL_RECORD (patient_sin,  doctor_name,  nurse_name,  guardian_name) VALUES (123456789, 'Dr. Lee', 'Nurse Lee', 'Joseph Lee');
INSERT INTO MEDICAL_RECORD (patient_sin,  doctor_name,  nurse_name,  guardian_name) VALUES (234567890, 'Dr. Wilson', 'Nurse Wilson', 'Elizabeth Wilson');
INSERT INTO MEDICAL_RECORD (patient_sin,  doctor_name,  nurse_name,  guardian_name) VALUES (345678901, 'Dr. Davis', 'Nurse Brown', 'Christopher Davis');
INSERT INTO MEDICAL_RECORD (patient_sin,  doctor_name,  nurse_name,  guardian_name) VALUES (456789012, 'Dr. Patel', 'Nurse Patel', 'Sarah Patel');
INSERT INTO MEDICAL_RECORD (patient_sin,  doctor_name,  nurse_name,  guardian_name) VALUES (567890123, 'Dr. Smith', 'Nurse Smith', 'Brian Smith');
INSERT INTO MEDICAL_RECORD (patient_sin,  doctor_name,  nurse_name,  guardian_name) VALUES (678901234, 'Dr. Hernandez', 'Nurse Hernandez', 'Sofia Hernandez');
INSERT INTO MEDICAL_RECORD (patient_sin,  doctor_name,  nurse_name,  guardian_name) VALUES (789012345, 'Dr. Rodriguez', 'Nurse Davis', 'Julia Rodriguez');
INSERT INTO MEDICAL_RECORD (patient_sin,  doctor_name,  nurse_name,  guardian_name) VALUES (890123456, 'Dr. Martinez', 'Nurse Martinez', 'Anthony Martinez');
INSERT INTO MEDICAL_RECORD (patient_sin,  doctor_name,  nurse_name,  guardian_name) VALUES (901234567, 'Dr. Wong', 'Nurse Wilson', 'Natalie Wong');
INSERT INTO MEDICAL_RECORD (patient_sin,  doctor_name,  nurse_name,  guardian_name) VALUES (12345678, 'Dr. Lee', 'Nurse Lee', 'Robert Lee');
INSERT INTO MEDICAL_RECORD (patient_sin,  doctor_name,  nurse_name,  guardian_name) VALUES (123450987, 'Dr. Patel', 'Nurse Patel', 'Alexander Patel');

INSERT INTO HEALTH_ISSUES (patient_sin, health_issue ) VALUES (111111111, 'Cancer');
INSERT INTO HEALTH_ISSUES (patient_sin, health_issue ) VALUES (111111111, 'Diabetes');
INSERT INTO HEALTH_ISSUES (patient_sin, health_issue ) VALUES (111111111, 'High Blood Pressure');
INSERT INTO HEALTH_ISSUES (patient_sin, health_issue ) VALUES (222222222, 'Asthma');
INSERT INTO HEALTH_ISSUES (patient_sin, health_issue ) VALUES (222222222, 'Depression');
INSERT INTO HEALTH_ISSUES (patient_sin, health_issue ) VALUES (333333333, 'Obesity');
INSERT INTO HEALTH_ISSUES (patient_sin, health_issue ) VALUES (444444444, 'Heart Disease');
INSERT INTO HEALTH_ISSUES (patient_sin, health_issue ) VALUES (555555555, 'Anxiety');
INSERT INTO HEALTH_ISSUES (patient_sin, health_issue ) VALUES (666666666, 'Allergies');
INSERT INTO HEALTH_ISSUES (patient_sin, health_issue ) VALUES (777777777, 'Arthritis');
INSERT INTO HEALTH_ISSUES (patient_sin, health_issue ) VALUES (888888888, 'Back Pain');
INSERT INTO HEALTH_ISSUES (patient_sin, health_issue ) VALUES (999999999, 'Headache');
INSERT INTO HEALTH_ISSUES (patient_sin, health_issue ) VALUES (123456789, 'Insomnia');
INSERT INTO HEALTH_ISSUES (patient_sin, health_issue ) VALUES (234567890, 'Migraine');
INSERT INTO HEALTH_ISSUES (patient_sin, health_issue ) VALUES (345678901, 'Stomach Ulcer');
INSERT INTO HEALTH_ISSUES (patient_sin, health_issue ) VALUES (456789012, 'Psoriasis');
INSERT INTO HEALTH_ISSUES (patient_sin, health_issue ) VALUES (567890123, 'Ear Infection');
INSERT INTO HEALTH_ISSUES (patient_sin, health_issue ) VALUES (678901234, 'Tennis Elbow');
INSERT INTO HEALTH_ISSUES (patient_sin, health_issue ) VALUES (789012345, 'Vertigo');
INSERT INTO HEALTH_ISSUES (patient_sin, health_issue ) VALUES (890123456, 'Varicose Veins');
INSERT INTO HEALTH_ISSUES (patient_sin, health_issue ) VALUES (901234567, 'Plantar Fasciitis');
INSERT INTO HEALTH_ISSUES (patient_sin, health_issue ) VALUES (12345678, 'Flu');
INSERT INTO HEALTH_ISSUES (patient_sin, health_issue ) VALUES (123450987, 'Cold');

INSERT INTO PRESCRIPTIONS (patient_sin, prescription, length_weeks, dose_mg) VALUES (111111111, 'Aspirin', 4, 250.25);
INSERT INTO PRESCRIPTIONS (patient_sin, prescription, length_weeks, dose_mg) VALUES (111111111, 'Ibuprofen', 2, 500.5);
INSERT INTO PRESCRIPTIONS (patient_sin, prescription, length_weeks, dose_mg) VALUES (111111111, 'Penicillin', 1, 1000);
INSERT INTO PRESCRIPTIONS (patient_sin, prescription, length_weeks, dose_mg) VALUES (222222222, 'Acetaminophen', 3, 750.75);
INSERT INTO PRESCRIPTIONS (patient_sin, prescription, length_weeks, dose_mg) VALUES (222222222, 'Amoxicillin', 2, 500.5);
INSERT INTO PRESCRIPTIONS (patient_sin, prescription, length_weeks, dose_mg) VALUES (222222222, 'Zyrtec', 4, 100.1);
INSERT INTO PRESCRIPTIONS (patient_sin, prescription, length_weeks, dose_mg) VALUES (333333333, 'Lipitor', 6, 20.2);
INSERT INTO PRESCRIPTIONS (patient_sin, prescription, length_weeks, dose_mg) VALUES (333333333, 'Nexium', 3, 40.4);
INSERT INTO PRESCRIPTIONS (patient_sin, prescription, length_weeks, dose_mg) VALUES (333333333, 'Zocor', 4, 30.3);
INSERT INTO PRESCRIPTIONS (patient_sin, prescription, length_weeks, dose_mg) VALUES (444444444, 'Cialis', 2, 50.5);
INSERT INTO PRESCRIPTIONS (patient_sin, prescription, length_weeks, dose_mg) VALUES (444444444, 'Viagra', 1, 100.1);
INSERT INTO PRESCRIPTIONS (patient_sin, prescription, length_weeks, dose_mg) VALUES (555555555, 'Prozac', 4, 10.1);
INSERT INTO PRESCRIPTIONS (patient_sin, prescription, length_weeks, dose_mg) VALUES (555555555, 'Xanax', 2, 20.2);
INSERT INTO PRESCRIPTIONS (patient_sin, prescription, length_weeks, dose_mg) VALUES (666666666, 'Ativan', 3, 30.3);
INSERT INTO PRESCRIPTIONS (patient_sin, prescription, length_weeks, dose_mg) VALUES (666666666, 'Valium', 4, 40.4);
INSERT INTO PRESCRIPTIONS (patient_sin, prescription, length_weeks, dose_mg) VALUES (777777777, 'Codeine', 2, 50.5);
INSERT INTO PRESCRIPTIONS (patient_sin, prescription, length_weeks, dose_mg) VALUES (777777777, 'Morphine', 1, 100.1);
INSERT INTO PRESCRIPTIONS (patient_sin, prescription, length_weeks, dose_mg) VALUES (888888888, 'Ritalin', 3, 20.2);
INSERT INTO PRESCRIPTIONS (patient_sin, prescription, length_weeks, dose_mg) VALUES (888888888, 'Adderall', 4, 30.3);
INSERT INTO PRESCRIPTIONS (patient_sin, prescription, length_weeks, dose_mg) VALUES (999999999, 'Propecia', 2, 50.5);
INSERT INTO PRESCRIPTIONS (patient_sin, prescription, length_weeks, dose_mg) VALUES (999999999, 'Rogaine', 1, 100.1);
INSERT INTO PRESCRIPTIONS (patient_sin, prescription, length_weeks, dose_mg) VALUES (123456789, 'Paxil', 4, 10.1);
INSERT INTO PRESCRIPTIONS (patient_sin, prescription, length_weeks, dose_mg) VALUES (123456789, 'Zoloft', 3, 20.2);
INSERT INTO PRESCRIPTIONS (patient_sin, prescription, length_weeks, dose_mg) VALUES (234567890, 'Claritin', 2, 30.3);
INSERT INTO PRESCRIPTIONS (patient_sin, prescription, length_weeks, dose_mg) VALUES (234567890, 'Allegra', 4, 40.4);
INSERT INTO PRESCRIPTIONS (patient_sin, prescription, length_weeks, dose_mg) VALUES (345678901, 'Tylenol', 3, 50.5);
INSERT INTO PRESCRIPTIONS (patient_sin, prescription, length_weeks, dose_mg) VALUES (345678901, 'Benadryl', 2, 100.1);
INSERT INTO PRESCRIPTIONS (patient_sin, prescription, length_weeks, dose_mg) VALUES (456789012, 'Aspirin', 1, 250.25);
INSERT INTO PRESCRIPTIONS (patient_sin, prescription, length_weeks, dose_mg) VALUES (567890123, 'Amoxicillin', 4, 500.5);
INSERT INTO PRESCRIPTIONS (patient_sin, prescription, length_weeks, dose_mg) VALUES (567890123, 'Ibuprofen', 3, 750.75);
INSERT INTO PRESCRIPTIONS (patient_sin, prescription, length_weeks, dose_mg) VALUES (678901234, 'Lipitor', 2, 20.2);
INSERT INTO PRESCRIPTIONS (patient_sin, prescription, length_weeks, dose_mg) VALUES (789012345, 'Nexium', 4, 40.4);
INSERT INTO PRESCRIPTIONS (patient_sin, prescription, length_weeks, dose_mg) VALUES (890123456, 'Cialis', 3, 50.5);
INSERT INTO PRESCRIPTIONS (patient_sin, prescription, length_weeks, dose_mg) VALUES (901234567, 'Viagra', 2, 100.1);
INSERT INTO PRESCRIPTIONS (patient_sin, prescription, length_weeks, dose_mg) VALUES (12345678, 'Xanax', 1, 20.2);
INSERT INTO PRESCRIPTIONS (patient_sin, prescription, length_weeks, dose_mg) VALUES (123450987, 'Ativan', 2, 30.3);
INSERT INTO PRESCRIPTIONS (patient_sin, prescription, length_weeks, dose_mg) VALUES (123450987, 'Valium', 4, 40.4);


INSERT INTO APPOINTMENTS (patient_sin, appointment ) VALUES (111111111,  TIMESTAMP '2023-04-09 10:00:00.00');
INSERT INTO APPOINTMENTS (patient_sin, appointment ) VALUES (222222222,  TIMESTAMP '2023-04-09 11:00:00.00');
INSERT INTO APPOINTMENTS (patient_sin, appointment ) VALUES (333333333,  TIMESTAMP '2023-04-09 12:00:00.00');
INSERT INTO APPOINTMENTS (patient_sin, appointment ) VALUES (444444444,  TIMESTAMP '2023-04-10 10:00:00.00');
INSERT INTO APPOINTMENTS (patient_sin, appointment ) VALUES (555555555,  TIMESTAMP '2023-04-10 11:00:00.00');
INSERT INTO APPOINTMENTS (patient_sin, appointment ) VALUES (666666666,  TIMESTAMP '2023-04-10 12:00:00.00');
INSERT INTO APPOINTMENTS (patient_sin, appointment ) VALUES (777777777,  TIMESTAMP '2023-04-11 10:00:00.00');
INSERT INTO APPOINTMENTS (patient_sin, appointment ) VALUES (888888888,  TIMESTAMP '2023-04-11 11:00:00.00');
INSERT INTO APPOINTMENTS (patient_sin, appointment ) VALUES (999999999,  TIMESTAMP '2023-04-11 12:00:00.00');
INSERT INTO APPOINTMENTS (patient_sin, appointment ) VALUES (123456789,  TIMESTAMP '2023-04-12 10:00:00.00');
INSERT INTO APPOINTMENTS (patient_sin, appointment ) VALUES (234567890,  TIMESTAMP '2023-04-12 11:00:00.00');
INSERT INTO APPOINTMENTS (patient_sin, appointment ) VALUES (345678901,  TIMESTAMP '2023-04-12 12:00:00.00');
INSERT INTO APPOINTMENTS (patient_sin, appointment ) VALUES (456789012,  TIMESTAMP '2023-04-13 10:00:00.00');
INSERT INTO APPOINTMENTS (patient_sin, appointment ) VALUES (567890123,  TIMESTAMP '2023-04-13 11:00:00.00');
INSERT INTO APPOINTMENTS (patient_sin, appointment ) VALUES (678901234,  TIMESTAMP '2023-04-13 12:00:00.00');
INSERT INTO APPOINTMENTS (patient_sin, appointment ) VALUES (789012345,  TIMESTAMP '2023-04-14 10:00:00.00');
INSERT INTO APPOINTMENTS (patient_sin, appointment ) VALUES (890123456,  TIMESTAMP '2023-04-14 11:00:00.00');
INSERT INTO APPOINTMENTS (patient_sin, appointment ) VALUES (901234567,  TIMESTAMP '2023-04-14 12:00:00.00');
INSERT INTO APPOINTMENTS (patient_sin, appointment ) VALUES (12345678,  TIMESTAMP '2023-04-15 10:00:00.00');
INSERT INTO APPOINTMENTS (patient_sin, appointment ) VALUES (123450987,  TIMESTAMP '2023-04-15 11:00:00.00');

INSERT INTO GUARDIAN_VISITOR (visitor_id,contact_number,relationship,name,house_number,street_name,postal_code,city,province,country,visitee_sin) VALUES (1, '555-123-4567', 'Mother', 'Jane Doe', 123, 'Main St', 'M4C 1B5', 'Toronto', 'Ontario', 'Canada', 111111111);
INSERT INTO GUARDIAN_VISITOR (visitor_id,contact_number,relationship,name,house_number,street_name,postal_code,city,province,country,visitee_sin) VALUES (2, '416-555-7890', 'Father', 'John Smith', 456, 'King St', 'L3R 5K6', 'Markham', 'Ontario', 'Canada', 222222222);
INSERT INTO GUARDIAN_VISITOR (visitor_id,contact_number,relationship,name,house_number,street_name,postal_code,city,province,country,visitee_sin) VALUES (3, '647-555-2345', 'Sister', 'Emily Jones',  NULL, 'Yonge St', 'M5B 1W8', 'Toronto', 'Ontario', 'Canada', 333333333);
INSERT INTO GUARDIAN_VISITOR (visitor_id,contact_number,relationship,name,house_number,street_name,postal_code,city,province,country,visitee_sin) VALUES (4, '905-555-6789', 'Brother', 'Michael Lee', 789, 'Dundas St', 'L6H 3C3', 'Mississauga', 'Ontario', 'Canada', 444444444);
INSERT INTO GUARDIAN_VISITOR (visitor_id,contact_number,relationship,name,house_number,street_name,postal_code,city,province,country,visitee_sin) VALUES (5, '519-555-1234', 'Cousin', 'Sarah Kim',  NULL, 'Queen St', 'N5W 3P3', 'London', 'Ontario', 'Canada', 555555555);
INSERT INTO GUARDIAN_VISITOR (visitor_id,contact_number,relationship,name,house_number,street_name,postal_code,city,province,country,visitee_sin) VALUES (6, '613-555-2345', 'Aunt', 'Karen Chan', 567, 'Bayview Ave', 'K1N 5T5', 'Ottawa', 'Ontario', 'Canada', 666666666);
INSERT INTO GUARDIAN_VISITOR (visitor_id,contact_number,relationship,name,house_number,street_name,postal_code,city,province,country,visitee_sin) VALUES (7, '905-555-7890', 'Uncle', 'David Wong', 234, 'Yonge St', 'L5V 2C6', 'Mississauga', 'Ontario', 'Canada', 777777777);
INSERT INTO GUARDIAN_VISITOR (visitor_id,contact_number,relationship,name,house_number,street_name,postal_code,city,province,country,visitee_sin) VALUES (8, '647-555-2345', 'Grandparent', 'Robert Lee', 123, 'Finch Ave', 'M2J 5A7', 'Toronto', 'Ontario', 'Canada', 888888888);
INSERT INTO GUARDIAN_VISITOR (visitor_id,contact_number,relationship,name,house_number,street_name,postal_code,city,province,country,visitee_sin) VALUES (9, '416-555-6789', 'Grandparent', 'Mary Chen',  NULL, 'Steeles Ave', 'L3T 1A1', 'Markham', 'Ontario', 'Canada', 999999999);
INSERT INTO GUARDIAN_VISITOR (visitor_id,contact_number,relationship,name,house_number,street_name,postal_code,city,province,country,visitee_sin) VALUES (10, '905-555-1234', 'Friend', 'Tom Johnson', 789, 'Wellington St', 'L6Y 1K9', 'Mississauga', 'Ontario', 'Canada', 123456789);
INSERT INTO GUARDIAN_VISITOR (visitor_id,contact_number,relationship,name,house_number,street_name,postal_code,city,province,country,visitee_sin) VALUES (11, '519-555-2345', 'Neighbor', 'Lisa Chen',  NULL, 'Queen St', 'N5V 1L5', 'London', 'Ontario', 'Canada', 234567890);
INSERT INTO GUARDIAN_VISITOR (visitor_id,contact_number,relationship,name,house_number,street_name,postal_code,city,province,country,visitee_sin) VALUES (12, '613-555-7890', 'Colleague', 'Mike Nguyen', 567, 'Bank St', 'K1S 3T6', 'Ottawa', 'Ontario', 'Canada', 345678901);
INSERT INTO GUARDIAN_VISITOR (visitor_id,contact_number,relationship,name,house_number,street_name,postal_code,city,province,country,visitee_sin) VALUES (13, '905-555-2345', 'Friend', 'Susan Park', 234, 'Dundas St', 'L6M 2W2', 'Mississauga', 'Ontario', 'Canada', 456789012);
INSERT INTO GUARDIAN_VISITOR (visitor_id,contact_number,relationship,name,house_number,street_name,postal_code,city,province,country,visitee_sin) VALUES (14, '647-555-6789', 'Neighbor', 'Andrew Lee', 123, 'Yonge St', 'M4P 2C8', 'Toronto', 'Ontario', 'Canada', 567890123);
INSERT INTO GUARDIAN_VISITOR (visitor_id,contact_number,relationship,name,house_number,street_name,postal_code,city,province,country,visitee_sin) VALUES (15, '416-555-1234', 'Colleague', 'Emily Wong',  NULL, 'Sheppard Ave', 'M2N 6S6', 'Markham', 'Ontario', 'Canada', 678901234);
INSERT INTO GUARDIAN_VISITOR (visitor_id,contact_number,relationship,name,house_number,street_name,postal_code,city,province,country,visitee_sin) VALUES (16, '519-555-2345', 'Friend', 'James Kim', 789, 'Talbot St', 'N6A 2R1', 'London', 'Ontario', 'Canada', 789012345);
INSERT INTO GUARDIAN_VISITOR (visitor_id,contact_number,relationship,name,house_number,street_name,postal_code,city,province,country,visitee_sin) VALUES (17, '613-555-7890', 'Colleague', 'Sarah Lee', 567, 'Rideau St', 'K1N 5X8', 'Ottawa', 'Ontario', 'Canada', 890123456);
INSERT INTO GUARDIAN_VISITOR (visitor_id,contact_number,relationship,name,house_number,street_name,postal_code,city,province,country,visitee_sin) VALUES (18, '905-555-2345', 'Friend', 'Alex Chen',  NULL, 'Hurontario St', 'L5G 4S1', 'Mississauga', 'Ontario', 'Canada', 901234567);
INSERT INTO GUARDIAN_VISITOR (visitor_id,contact_number,relationship,name,house_number,street_name,postal_code,city,province,country,visitee_sin) VALUES (19, '416-555-6789', 'Neighbor', 'Kevin Zhang', 456, 'Kennedy Rd', 'L3R 0L4', 'Markham', 'Ontario', 'Canada', 12345678);
INSERT INTO GUARDIAN_VISITOR (visitor_id,contact_number,relationship,name,house_number,street_name,postal_code,city,province,country,visitee_sin) VALUES (20, '647-555-1234', 'Friend', 'Olivia Kim',  NULL, 'Bloor St', 'M5S 1N6', 'Toronto', 'Ontario', 'Canada', 123450987);


INSERT INTO NURSE (sin, type, position_type) VALUES (111111111, 'Registered Nurse', 'Staff');
INSERT INTO NURSE (sin, type, position_type) VALUES (222222222, 'Practical Nurse', 'Contract');
INSERT INTO NURSE (sin, type, position_type) VALUES (333333333, 'Registered Nurse', 'Management');
INSERT INTO NURSE (sin, type, position_type) VALUES (444444444, 'Practical Nurse', 'Staff');


INSERT INTO NURSE_ASSISTS_PATIENT (patient_sin, nurse_sin) VALUES (12345678, 111111111);
INSERT INTO NURSE_ASSISTS_PATIENT (patient_sin, nurse_sin) VALUES (123450987, 222222222);
INSERT INTO NURSE_ASSISTS_PATIENT (patient_sin, nurse_sin) VALUES (123456789, 333333333);
INSERT INTO NURSE_ASSISTS_PATIENT (patient_sin, nurse_sin) VALUES (234567890, 444444444);
INSERT INTO NURSE_ASSISTS_PATIENT (patient_sin, nurse_sin) VALUES (345678901, 111111111);
INSERT INTO NURSE_ASSISTS_PATIENT (patient_sin, nurse_sin) VALUES (456789012, 222222222);
INSERT INTO NURSE_ASSISTS_PATIENT (patient_sin, nurse_sin) VALUES (555555555, 333333333);
INSERT INTO NURSE_ASSISTS_PATIENT (patient_sin, nurse_sin) VALUES (567890123, 444444444);
INSERT INTO NURSE_ASSISTS_PATIENT (patient_sin, nurse_sin) VALUES (666666666, 111111111);
INSERT INTO NURSE_ASSISTS_PATIENT (patient_sin, nurse_sin) VALUES (678901234, 222222222);
INSERT INTO NURSE_ASSISTS_PATIENT (patient_sin, nurse_sin) VALUES (777777777, 333333333);
INSERT INTO NURSE_ASSISTS_PATIENT (patient_sin, nurse_sin) VALUES (789012345, 444444444);
INSERT INTO NURSE_ASSISTS_PATIENT (patient_sin, nurse_sin) VALUES (888888888, 111111111);
INSERT INTO NURSE_ASSISTS_PATIENT (patient_sin, nurse_sin) VALUES (890123456, 222222222);
INSERT INTO NURSE_ASSISTS_PATIENT (patient_sin, nurse_sin) VALUES (901234567, 333333333);
INSERT INTO NURSE_ASSISTS_PATIENT (patient_sin, nurse_sin) VALUES (999999999, 444444444);


INSERT INTO ADMIN (sin, department, position, hospital_id) VALUES (12345678, 'Finance', 'Accountant', 1);
INSERT INTO ADMIN (sin, department, position, hospital_id) VALUES (123450987, 'Human Resources', 'Recruiter', 2);
INSERT INTO ADMIN (sin, department, position, hospital_id) VALUES (123456789, 'Marketing', 'Manager', 3);
INSERT INTO ADMIN (sin, department, position, hospital_id) VALUES (234567890, 'Information Technology', 'Software Engineer', 4);


INSERT INTO ADMIN_ORDERS_SUPPLIES (admin_sin, item_id) VALUES (12345678, 1);
INSERT INTO ADMIN_ORDERS_SUPPLIES (admin_sin, item_id) VALUES (123450987, 7);
INSERT INTO ADMIN_ORDERS_SUPPLIES (admin_sin, item_id) VALUES (123456789, 21);
INSERT INTO ADMIN_ORDERS_SUPPLIES (admin_sin, item_id) VALUES (234567890, 10);
INSERT INTO ADMIN_ORDERS_SUPPLIES (admin_sin, item_id) VALUES (12345678, 33);
INSERT INTO ADMIN_ORDERS_SUPPLIES (admin_sin, item_id) VALUES (123450987, 18);
INSERT INTO ADMIN_ORDERS_SUPPLIES (admin_sin, item_id) VALUES (123456789, 5);
INSERT INTO ADMIN_ORDERS_SUPPLIES (admin_sin, item_id) VALUES (234567890, 48);
INSERT INTO ADMIN_ORDERS_SUPPLIES (admin_sin, item_id) VALUES (12345678, 25);
INSERT INTO ADMIN_ORDERS_SUPPLIES (admin_sin, item_id) VALUES (123450987, 42);
INSERT INTO ADMIN_ORDERS_SUPPLIES (admin_sin, item_id) VALUES (123456789, 13);
INSERT INTO ADMIN_ORDERS_SUPPLIES (admin_sin, item_id) VALUES (234567890, 9);
INSERT INTO ADMIN_ORDERS_SUPPLIES (admin_sin, item_id) VALUES (12345678, 50);
INSERT INTO ADMIN_ORDERS_SUPPLIES (admin_sin, item_id) VALUES (123450987, 6);
INSERT INTO ADMIN_ORDERS_SUPPLIES (admin_sin, item_id) VALUES (123456789, 29);
INSERT INTO ADMIN_ORDERS_SUPPLIES (admin_sin, item_id) VALUES (234567890, 36);
INSERT INTO ADMIN_ORDERS_SUPPLIES (admin_sin, item_id) VALUES (12345678, 14);
INSERT INTO ADMIN_ORDERS_SUPPLIES (admin_sin, item_id) VALUES (123450987, 24);
INSERT INTO ADMIN_ORDERS_SUPPLIES (admin_sin, item_id) VALUES (123456789, 3);
INSERT INTO ADMIN_ORDERS_SUPPLIES (admin_sin, item_id) VALUES (234567890, 20);
INSERT INTO ADMIN_ORDERS_SUPPLIES (admin_sin, item_id) VALUES (12345678, 46);
INSERT INTO ADMIN_ORDERS_SUPPLIES (admin_sin, item_id) VALUES (123450987, 30);
INSERT INTO ADMIN_ORDERS_SUPPLIES (admin_sin, item_id) VALUES (123456789, 17);
INSERT INTO ADMIN_ORDERS_SUPPLIES (admin_sin, item_id) VALUES (234567890, 2);
INSERT INTO ADMIN_ORDERS_SUPPLIES (admin_sin, item_id) VALUES (12345678, 28);
INSERT INTO ADMIN_ORDERS_SUPPLIES (admin_sin, item_id) VALUES (123450987, 11);
INSERT INTO ADMIN_ORDERS_SUPPLIES (admin_sin, item_id) VALUES (123456789, 45);
INSERT INTO ADMIN_ORDERS_SUPPLIES (admin_sin, item_id) VALUES (234567890, 44);
INSERT INTO ADMIN_ORDERS_SUPPLIES (admin_sin, item_id) VALUES (12345678, 16);
INSERT INTO ADMIN_ORDERS_SUPPLIES (admin_sin, item_id) VALUES (123450987, 26);
INSERT INTO ADMIN_ORDERS_SUPPLIES (admin_sin, item_id) VALUES (123456789, 37);
INSERT INTO ADMIN_ORDERS_SUPPLIES (admin_sin, item_id) VALUES (234567890, 22);
INSERT INTO ADMIN_ORDERS_SUPPLIES (admin_sin, item_id) VALUES (12345678, 43);
INSERT INTO ADMIN_ORDERS_SUPPLIES (admin_sin, item_id) VALUES (123450987, 12);
INSERT INTO ADMIN_ORDERS_SUPPLIES (admin_sin, item_id) VALUES (123456789, 40);
INSERT INTO ADMIN_ORDERS_SUPPLIES (admin_sin, item_id) VALUES (234567890, 27);
INSERT INTO ADMIN_ORDERS_SUPPLIES (admin_sin, item_id) VALUES (12345678, 34);
INSERT INTO ADMIN_ORDERS_SUPPLIES (admin_sin, item_id) VALUES (123450987, 49);
INSERT INTO ADMIN_ORDERS_SUPPLIES (admin_sin, item_id) VALUES (123456789, 23);
INSERT INTO ADMIN_ORDERS_SUPPLIES (admin_sin, item_id) VALUES (234567890, 1);
INSERT INTO ADMIN_ORDERS_SUPPLIES (admin_sin, item_id) VALUES (12345678, 15);
INSERT INTO ADMIN_ORDERS_SUPPLIES (admin_sin, item_id) VALUES (123450987, 2);
INSERT INTO ADMIN_ORDERS_SUPPLIES (admin_sin, item_id) VALUES (123456789, 6);
INSERT INTO ADMIN_ORDERS_SUPPLIES (admin_sin, item_id) VALUES (234567890, 47);
INSERT INTO ADMIN_ORDERS_SUPPLIES (admin_sin, item_id) VALUES (12345678, 35);
INSERT INTO ADMIN_ORDERS_SUPPLIES (admin_sin, item_id) VALUES (123450987, 19);
INSERT INTO ADMIN_ORDERS_SUPPLIES (admin_sin, item_id) VALUES (123456789, 41);
INSERT INTO ADMIN_ORDERS_SUPPLIES (admin_sin, item_id) VALUES (234567890, 16);
INSERT INTO ADMIN_ORDERS_SUPPLIES (admin_sin, item_id) VALUES (12345678, 9);
INSERT INTO ADMIN_ORDERS_SUPPLIES (admin_sin, item_id) VALUES (123450987, 43);
INSERT INTO ADMIN_ORDERS_SUPPLIES (admin_sin, item_id) VALUES (123456789, 7);
INSERT INTO ADMIN_ORDERS_SUPPLIES (admin_sin, item_id) VALUES (234567890, 35);
INSERT INTO ADMIN_ORDERS_SUPPLIES (admin_sin, item_id) VALUES (12345678, 20);
INSERT INTO ADMIN_ORDERS_SUPPLIES (admin_sin, item_id) VALUES (123450987, 3);
INSERT INTO ADMIN_ORDERS_SUPPLIES (admin_sin, item_id) VALUES (123456789, 38);
INSERT INTO ADMIN_ORDERS_SUPPLIES (admin_sin, item_id) VALUES (234567890, 32);
INSERT INTO ADMIN_ORDERS_SUPPLIES (admin_sin, item_id) VALUES (12345678, 39);
INSERT INTO ADMIN_ORDERS_SUPPLIES (admin_sin, item_id) VALUES (123450987, 20);
INSERT INTO ADMIN_ORDERS_SUPPLIES (admin_sin, item_id) VALUES (123456789, 24);
INSERT INTO ADMIN_ORDERS_SUPPLIES (admin_sin, item_id) VALUES (234567890, 37);
INSERT INTO ADMIN_ORDERS_SUPPLIES (admin_sin, item_id) VALUES (12345678, 2);
INSERT INTO ADMIN_ORDERS_SUPPLIES (admin_sin, item_id) VALUES (123450987, 29);
INSERT INTO ADMIN_ORDERS_SUPPLIES (admin_sin, item_id) VALUES (123456789, 46);
INSERT INTO ADMIN_ORDERS_SUPPLIES (admin_sin, item_id) VALUES (234567890, 12);
INSERT INTO ADMIN_ORDERS_SUPPLIES (admin_sin, item_id) VALUES (12345678, 41);
INSERT INTO ADMIN_ORDERS_SUPPLIES (admin_sin, item_id) VALUES (123450987, 35);
INSERT INTO ADMIN_ORDERS_SUPPLIES (admin_sin, item_id) VALUES (123456789, 19);
INSERT INTO ADMIN_ORDERS_SUPPLIES (admin_sin, item_id) VALUES (234567890, 30);
INSERT INTO ADMIN_ORDERS_SUPPLIES (admin_sin, item_id) VALUES (12345678, 8);
INSERT INTO ADMIN_ORDERS_SUPPLIES (admin_sin, item_id) VALUES (123450987, 46);
INSERT INTO ADMIN_ORDERS_SUPPLIES (admin_sin, item_id) VALUES (123456789, 9);
INSERT INTO ADMIN_ORDERS_SUPPLIES (admin_sin, item_id) VALUES (234567890, 26);
INSERT INTO ADMIN_ORDERS_SUPPLIES (admin_sin, item_id) VALUES (12345678, 27);
INSERT INTO ADMIN_ORDERS_SUPPLIES (admin_sin, item_id) VALUES (123450987, 23);
INSERT INTO ADMIN_ORDERS_SUPPLIES (admin_sin, item_id) VALUES (123456789, 28);
INSERT INTO ADMIN_ORDERS_SUPPLIES (admin_sin, item_id) VALUES (234567890, 23);
INSERT INTO ADMIN_ORDERS_SUPPLIES (admin_sin, item_id) VALUES (12345678, 48);
INSERT INTO ADMIN_ORDERS_SUPPLIES (admin_sin, item_id) VALUES (123450987, 8);
INSERT INTO ADMIN_ORDERS_SUPPLIES (admin_sin, item_id) VALUES (123456789, 15);
INSERT INTO ADMIN_ORDERS_SUPPLIES (admin_sin, item_id) VALUES (234567890, 33);
INSERT INTO ADMIN_ORDERS_SUPPLIES (admin_sin, item_id) VALUES (12345678, 32);
INSERT INTO ADMIN_ORDERS_SUPPLIES (admin_sin, item_id) VALUES (123450987, 38);
INSERT INTO ADMIN_ORDERS_SUPPLIES (admin_sin, item_id) VALUES (123456789, 14);
INSERT INTO ADMIN_ORDERS_SUPPLIES (admin_sin, item_id) VALUES (234567890, 5);
INSERT INTO ADMIN_ORDERS_SUPPLIES (admin_sin, item_id) VALUES (12345678, 22);
INSERT INTO ADMIN_ORDERS_SUPPLIES (admin_sin, item_id) VALUES (123450987, 28);
INSERT INTO ADMIN_ORDERS_SUPPLIES (admin_sin, item_id) VALUES (123456789, 11);
INSERT INTO ADMIN_ORDERS_SUPPLIES (admin_sin, item_id) VALUES (234567890, 49);
INSERT INTO ADMIN_ORDERS_SUPPLIES (admin_sin, item_id) VALUES (12345678, 40);
INSERT INTO ADMIN_ORDERS_SUPPLIES (admin_sin, item_id) VALUES (123450987, 41);
INSERT INTO ADMIN_ORDERS_SUPPLIES (admin_sin, item_id) VALUES (123456789, 1);
INSERT INTO ADMIN_ORDERS_SUPPLIES (admin_sin, item_id) VALUES (234567890, 19);
INSERT INTO ADMIN_ORDERS_SUPPLIES (admin_sin, item_id) VALUES (12345678, 4);
INSERT INTO ADMIN_ORDERS_SUPPLIES (admin_sin, item_id) VALUES (123450987, 44);
INSERT INTO ADMIN_ORDERS_SUPPLIES (admin_sin, item_id) VALUES (123456789, 36);
INSERT INTO ADMIN_ORDERS_SUPPLIES (admin_sin, item_id) VALUES (234567890, 38);
INSERT INTO ADMIN_ORDERS_SUPPLIES (admin_sin, item_id) VALUES (12345678, 19);
INSERT INTO ADMIN_ORDERS_SUPPLIES (admin_sin, item_id) VALUES (123450987, 13);
INSERT INTO ADMIN_ORDERS_SUPPLIES (admin_sin, item_id) VALUES (123456789, 4);
INSERT INTO ADMIN_ORDERS_SUPPLIES (admin_sin, item_id) VALUES (234567890, 43);
INSERT INTO ADMIN_ORDERS_SUPPLIES (admin_sin, item_id) VALUES (12345678, 47);
INSERT INTO ADMIN_ORDERS_SUPPLIES (admin_sin, item_id) VALUES (123450987, 10);
INSERT INTO ADMIN_ORDERS_SUPPLIES (admin_sin, item_id) VALUES (123456789, 16);
INSERT INTO ADMIN_ORDERS_SUPPLIES (admin_sin, item_id) VALUES (234567890, 31);
INSERT INTO ADMIN_ORDERS_SUPPLIES (admin_sin, item_id) VALUES (12345678, 31);
INSERT INTO ADMIN_ORDERS_SUPPLIES (admin_sin, item_id) VALUES (123450987, 15);
INSERT INTO ADMIN_ORDERS_SUPPLIES (admin_sin, item_id) VALUES (123456789, 10);
INSERT INTO ADMIN_ORDERS_SUPPLIES (admin_sin, item_id) VALUES (234567890, 25);
INSERT INTO ADMIN_ORDERS_SUPPLIES (admin_sin, item_id) VALUES (12345678, 42);
INSERT INTO ADMIN_ORDERS_SUPPLIES (admin_sin, item_id) VALUES (123450987, 36);
INSERT INTO ADMIN_ORDERS_SUPPLIES (admin_sin, item_id) VALUES (123456789, 47);
INSERT INTO ADMIN_ORDERS_SUPPLIES (admin_sin, item_id) VALUES (234567890, 13);
INSERT INTO ADMIN_ORDERS_SUPPLIES (admin_sin, item_id) VALUES (12345678, 37);
INSERT INTO ADMIN_ORDERS_SUPPLIES (admin_sin, item_id) VALUES (123450987, 39);
INSERT INTO ADMIN_ORDERS_SUPPLIES (admin_sin, item_id) VALUES (123456789, 25);
INSERT INTO ADMIN_ORDERS_SUPPLIES (admin_sin, item_id) VALUES (234567890, 18);
INSERT INTO ADMIN_ORDERS_SUPPLIES (admin_sin, item_id) VALUES (12345678, 11);
INSERT INTO ADMIN_ORDERS_SUPPLIES (admin_sin, item_id) VALUES (123450987, 31);
INSERT INTO ADMIN_ORDERS_SUPPLIES (admin_sin, item_id) VALUES (123456789, 35);
INSERT INTO ADMIN_ORDERS_SUPPLIES (admin_sin, item_id) VALUES (234567890, 14);
INSERT INTO ADMIN_ORDERS_SUPPLIES (admin_sin, item_id) VALUES (12345678, 26);
INSERT INTO ADMIN_ORDERS_SUPPLIES (admin_sin, item_id) VALUES (123450987, 27);
INSERT INTO ADMIN_ORDERS_SUPPLIES (admin_sin, item_id) VALUES (123456789, 30);
INSERT INTO ADMIN_ORDERS_SUPPLIES (admin_sin, item_id) VALUES (234567890, 41);
INSERT INTO ADMIN_ORDERS_SUPPLIES (admin_sin, item_id) VALUES (12345678, 49);
INSERT INTO ADMIN_ORDERS_SUPPLIES (admin_sin, item_id) VALUES (123450987, 22);
INSERT INTO ADMIN_ORDERS_SUPPLIES (admin_sin, item_id) VALUES (123456789, 26);
INSERT INTO ADMIN_ORDERS_SUPPLIES (admin_sin, item_id) VALUES (234567890, 29);


INSERT INTO EQUIPMENT (item_id, equipment_number, manufacturer, warranty_name, warranty_start, warranty_length_months) VALUES (1, 10253, 'Acme Inc.', 'Warranty A', DATE '2022-01-15', 36);
INSERT INTO EQUIPMENT (item_id, equipment_number, manufacturer, warranty_name, warranty_start, warranty_length_months) VALUES (2, 89762, 'Widgets Co.', 'Warranty B', DATE '2021-09-10', 24);
INSERT INTO EQUIPMENT (item_id, equipment_number, manufacturer, warranty_name, warranty_start, warranty_length_months) VALUES (3, 30579, 'Gadget Corp.', 'Warranty C', DATE '2023-06-01', 12);
INSERT INTO EQUIPMENT (item_id, equipment_number, manufacturer, warranty_name, warranty_start, warranty_length_months) VALUES (4, 41689, 'Tech Industries', 'Warranty D', DATE '2022-12-25', 18);
INSERT INTO EQUIPMENT (item_id, equipment_number, manufacturer, warranty_name, warranty_start, warranty_length_months) VALUES (5, 78341, 'Innovate Solutions', 'Warranty E', DATE '2024-03-02', 48);
INSERT INTO EQUIPMENT (item_id, equipment_number, manufacturer, warranty_name, warranty_start, warranty_length_months) VALUES (6, 52468, 'Tech Industries', 'Warranty F', DATE '2021-05-20', 6);
INSERT INTO EQUIPMENT (item_id, equipment_number, manufacturer, warranty_name, warranty_start, warranty_length_months) VALUES (7, 91732, 'Widgets Co.', 'Warranty G', DATE '2022-09-15', 36);
INSERT INTO EQUIPMENT (item_id, equipment_number, manufacturer, warranty_name, warranty_start, warranty_length_months) VALUES (8, 34897, 'Acme Inc.', 'Warranty H', DATE '2023-01-01', 24);
INSERT INTO EQUIPMENT (item_id, equipment_number, manufacturer, warranty_name, warranty_start, warranty_length_months) VALUES (9, 68549, 'Gadget Corp.', 'Warranty I', DATE '2024-08-10', 12);
INSERT INTO EQUIPMENT (item_id, equipment_number, manufacturer, warranty_name, warranty_start, warranty_length_months) VALUES (10, 23658, 'Innovate Solutions', 'Warranty J', DATE '2023-11-30', 18);
INSERT INTO EQUIPMENT (item_id, equipment_number, manufacturer, warranty_name, warranty_start, warranty_length_months) VALUES (11, 12468, 'Tech Industries', 'Warranty K', DATE '2021-08-01', 24);
INSERT INTO EQUIPMENT (item_id, equipment_number, manufacturer, warranty_name, warranty_start, warranty_length_months) VALUES (12, 75894, 'Acme Inc.', 'Warranty L', DATE '2022-04-05', 36);
INSERT INTO EQUIPMENT (item_id, equipment_number, manufacturer, warranty_name, warranty_start, warranty_length_months) VALUES (13, 35986, 'Widgets Co.', 'Warranty M', DATE '2023-02-20', 48);
INSERT INTO EQUIPMENT (item_id, equipment_number, manufacturer, warranty_name, warranty_start, warranty_length_months) VALUES (14, 69320, 'Innovate Solutions', 'Warranty N', DATE '2021-12-15', 6);
INSERT INTO EQUIPMENT (item_id, equipment_number, manufacturer, warranty_name, warranty_start, warranty_length_months) VALUES (15, 58237, 'Gadget Corp.', 'Warranty O', DATE '2022-06-30', 24);
INSERT INTO EQUIPMENT (item_id, equipment_number, manufacturer, warranty_name, warranty_start, warranty_length_months) VALUES (16, 24178, 'Tech Industries', 'Warranty P', DATE '2024-07-01', 12);
INSERT INTO EQUIPMENT (item_id, equipment_number, manufacturer, warranty_name, warranty_start, warranty_length_months) VALUES (17, 97841, 'Innovate Solutions', 'Warranty Q', DATE '2022-05-12', 18);
INSERT INTO EQUIPMENT (item_id, equipment_number, manufacturer, warranty_name, warranty_start, warranty_length_months) VALUES (18, 20546, 'Widgets Co.', 'Warranty R', DATE '2023-03-25', 24);
INSERT INTO EQUIPMENT (item_id, equipment_number, manufacturer, warranty_name, warranty_start, warranty_length_months) VALUES (19, 84623, 'Gadget Corp.', 'Warranty S', DATE '2024-10-01', 36);
INSERT INTO EQUIPMENT (item_id, equipment_number, manufacturer, warranty_name, warranty_start, warranty_length_months) VALUES (20, 17359, 'Acme Inc.', 'Warranty T', DATE '2022-08-15', 48);
INSERT INTO EQUIPMENT (item_id, equipment_number, manufacturer, warranty_name, warranty_start, warranty_length_months) VALUES (21, 60492, 'Widgets Co.', 'Warranty U', DATE '2021-10-20', 6);
INSERT INTO EQUIPMENT (item_id, equipment_number, manufacturer, warranty_name, warranty_start, warranty_length_months) VALUES (22, 95287, 'Innovate Solutions', 'Warranty V', DATE '2022-11-05', 18);
INSERT INTO EQUIPMENT (item_id, equipment_number, manufacturer, warranty_name, warranty_start, warranty_length_months) VALUES (23, 46238, 'Tech Industries', 'Warranty W', DATE '2023-04-30', 24);
INSERT INTO EQUIPMENT (item_id, equipment_number, manufacturer, warranty_name, warranty_start, warranty_length_months) VALUES (24, 71983, 'Acme Inc.', 'Warranty X', DATE '2024-02-01', 36);
INSERT INTO EQUIPMENT (item_id, equipment_number, manufacturer, warranty_name, warranty_start, warranty_length_months) VALUES (25, 83597, 'Gadget Corp.', 'Warranty Y', DATE '2021-07-10', 12);


INSERT INTO MEDICATION (item_id, din_number, expiry_date) VALUES (26, 12345678, DATE '2024-08-01');
INSERT INTO MEDICATION (item_id, din_number, expiry_date) VALUES (27, 87654321, DATE '2023-10-15');
INSERT INTO MEDICATION (item_id, din_number, expiry_date) VALUES (28, 98765432, DATE '2023-05-31');
INSERT INTO MEDICATION (item_id, din_number, expiry_date) VALUES (29, 54321678, DATE '2024-09-22');
INSERT INTO MEDICATION (item_id, din_number, expiry_date) VALUES (30, 87654321, DATE '2023-06-14');
INSERT INTO MEDICATION (item_id, din_number, expiry_date) VALUES (31, 34567812, DATE '2023-12-05');
INSERT INTO MEDICATION (item_id, din_number, expiry_date) VALUES (32, 87654321, DATE '2023-07-19');
INSERT INTO MEDICATION (item_id, din_number, expiry_date) VALUES (33, 98765432, DATE '2024-03-12');
INSERT INTO MEDICATION (item_id, din_number, expiry_date) VALUES (34, 12345678, DATE '2024-06-30');
INSERT INTO MEDICATION (item_id, din_number, expiry_date) VALUES (35, 54321678, DATE '2024-07-11');
INSERT INTO MEDICATION (item_id, din_number, expiry_date) VALUES (36, 34567812, DATE '2024-02-25');
INSERT INTO MEDICATION (item_id, din_number, expiry_date) VALUES (37, 87654321, DATE '2023-11-01');
INSERT INTO MEDICATION (item_id, din_number, expiry_date) VALUES (38, 98765432, DATE '2024-01-22');
INSERT INTO MEDICATION (item_id, din_number, expiry_date) VALUES (39, 34567812, DATE '2024-10-08');
INSERT INTO MEDICATION (item_id, din_number, expiry_date) VALUES (40, 12345678, DATE '2024-05-15');
INSERT INTO MEDICATION (item_id, din_number, expiry_date) VALUES (41, 54321678, DATE '2023-09-18');
INSERT INTO MEDICATION (item_id, din_number, expiry_date) VALUES (42, 98765432, DATE '2024-02-10');
INSERT INTO MEDICATION (item_id, din_number, expiry_date) VALUES (43, 34567812, DATE '2024-08-29');
INSERT INTO MEDICATION (item_id, din_number, expiry_date) VALUES (44, 87654321, DATE '2023-06-25');
INSERT INTO MEDICATION (item_id, din_number, expiry_date) VALUES (45, 12345678, DATE '2023-12-19');
INSERT INTO MEDICATION (item_id, din_number, expiry_date) VALUES (46, 54321678, DATE '2024-03-07');
INSERT INTO MEDICATION (item_id, din_number, expiry_date) VALUES (47, 34567812, DATE '2023-11-26');
INSERT INTO MEDICATION (item_id, din_number, expiry_date) VALUES (48, 98765432, DATE '2024-09-13');
INSERT INTO MEDICATION (item_id, din_number, expiry_date) VALUES (49, 87654321, DATE '2023-08-08');
INSERT INTO MEDICATION (item_id, din_number, expiry_date) VALUES (50, 12345678, DATE '2024-04-23');


INSERT INTO PATIENT_ORDERS_MEDICATION (patient_sin, item_id) VALUES (111111111, 30);
INSERT INTO PATIENT_ORDERS_MEDICATION (patient_sin, item_id) VALUES (111111111, 42);
INSERT INTO PATIENT_ORDERS_MEDICATION (patient_sin, item_id) VALUES (111111111, 47);
INSERT INTO PATIENT_ORDERS_MEDICATION (patient_sin, item_id) VALUES (222222222, 33);
INSERT INTO PATIENT_ORDERS_MEDICATION (patient_sin, item_id) VALUES (222222222, 39);
INSERT INTO PATIENT_ORDERS_MEDICATION (patient_sin, item_id) VALUES (222222222, 43);
INSERT INTO PATIENT_ORDERS_MEDICATION (patient_sin, item_id) VALUES (222222222, 45);
INSERT INTO PATIENT_ORDERS_MEDICATION (patient_sin, item_id) VALUES (333333333, 28);
INSERT INTO PATIENT_ORDERS_MEDICATION (patient_sin, item_id) VALUES (333333333, 31);
INSERT INTO PATIENT_ORDERS_MEDICATION (patient_sin, item_id) VALUES (333333333, 37);
INSERT INTO PATIENT_ORDERS_MEDICATION (patient_sin, item_id) VALUES (444444444, 26);
INSERT INTO PATIENT_ORDERS_MEDICATION (patient_sin, item_id) VALUES (444444444, 29);
INSERT INTO PATIENT_ORDERS_MEDICATION (patient_sin, item_id) VALUES (444444444, 32);
INSERT INTO PATIENT_ORDERS_MEDICATION (patient_sin, item_id) VALUES (444444444, 35);
INSERT INTO PATIENT_ORDERS_MEDICATION (patient_sin, item_id) VALUES (555555555, 27);
INSERT INTO PATIENT_ORDERS_MEDICATION (patient_sin, item_id) VALUES (555555555, 30);
INSERT INTO PATIENT_ORDERS_MEDICATION (patient_sin, item_id) VALUES (555555555, 38);
INSERT INTO PATIENT_ORDERS_MEDICATION (patient_sin, item_id) VALUES (666666666, 41);
INSERT INTO PATIENT_ORDERS_MEDICATION (patient_sin, item_id) VALUES (666666666, 45);
INSERT INTO PATIENT_ORDERS_MEDICATION (patient_sin, item_id) VALUES (777777777, 36);
INSERT INTO PATIENT_ORDERS_MEDICATION (patient_sin, item_id) VALUES (777777777, 39);
INSERT INTO PATIENT_ORDERS_MEDICATION (patient_sin, item_id) VALUES (777777777, 40);
INSERT INTO PATIENT_ORDERS_MEDICATION (patient_sin, item_id) VALUES (888888888, 29);
INSERT INTO PATIENT_ORDERS_MEDICATION (patient_sin, item_id) VALUES (888888888, 33);
INSERT INTO PATIENT_ORDERS_MEDICATION (patient_sin, item_id) VALUES (888888888, 34);
INSERT INTO PATIENT_ORDERS_MEDICATION (patient_sin, item_id) VALUES (999999999, 29);
INSERT INTO PATIENT_ORDERS_MEDICATION (patient_sin, item_id) VALUES (999999999, 32);
INSERT INTO PATIENT_ORDERS_MEDICATION (patient_sin, item_id) VALUES (999999999, 34);
INSERT INTO PATIENT_ORDERS_MEDICATION (patient_sin, item_id) VALUES (999999999, 41);
INSERT INTO PATIENT_ORDERS_MEDICATION (patient_sin, item_id) VALUES (123456789, 26);
INSERT INTO PATIENT_ORDERS_MEDICATION (patient_sin, item_id) VALUES (123456789, 31);
INSERT INTO PATIENT_ORDERS_MEDICATION (patient_sin, item_id) VALUES (123456789, 36);
INSERT INTO PATIENT_ORDERS_MEDICATION (patient_sin, item_id) VALUES (123456789, 38);
INSERT INTO PATIENT_ORDERS_MEDICATION (patient_sin, item_id) VALUES (234567890, 26);
INSERT INTO PATIENT_ORDERS_MEDICATION (patient_sin, item_id) VALUES (234567890, 27);
INSERT INTO PATIENT_ORDERS_MEDICATION (patient_sin, item_id) VALUES (234567890, 30);
INSERT INTO PATIENT_ORDERS_MEDICATION (patient_sin, item_id) VALUES (234567890, 33);
INSERT INTO PATIENT_ORDERS_MEDICATION (patient_sin, item_id) VALUES (345678901, 29);
INSERT INTO PATIENT_ORDERS_MEDICATION (patient_sin, item_id) VALUES (345678901, 35);
INSERT INTO PATIENT_ORDERS_MEDICATION (patient_sin, item_id) VALUES (345678901, 40);
INSERT INTO PATIENT_ORDERS_MEDICATION (patient_sin, item_id) VALUES (345678901, 42);
INSERT INTO PATIENT_ORDERS_MEDICATION (patient_sin, item_id) VALUES (456789012, 28);
INSERT INTO PATIENT_ORDERS_MEDICATION (patient_sin, item_id) VALUES (456789012, 32);
INSERT INTO PATIENT_ORDERS_MEDICATION (patient_sin, item_id) VALUES (456789012, 36);
INSERT INTO PATIENT_ORDERS_MEDICATION (patient_sin, item_id) VALUES (456789012, 38);
INSERT INTO PATIENT_ORDERS_MEDICATION (patient_sin, item_id) VALUES (567890123, 28);
INSERT INTO PATIENT_ORDERS_MEDICATION (patient_sin, item_id) VALUES (567890123, 30);
INSERT INTO PATIENT_ORDERS_MEDICATION (patient_sin, item_id) VALUES (567890123, 32);
INSERT INTO PATIENT_ORDERS_MEDICATION (patient_sin, item_id) VALUES (567890123, 41);
INSERT INTO PATIENT_ORDERS_MEDICATION (patient_sin, item_id) VALUES (678901234, 29);
INSERT INTO PATIENT_ORDERS_MEDICATION (patient_sin, item_id) VALUES (678901234, 34);
INSERT INTO PATIENT_ORDERS_MEDICATION (patient_sin, item_id) VALUES (678901234, 36);
INSERT INTO PATIENT_ORDERS_MEDICATION (patient_sin, item_id) VALUES (678901234, 44);
INSERT INTO PATIENT_ORDERS_MEDICATION (patient_sin, item_id) VALUES (789012345, 27);
INSERT INTO PATIENT_ORDERS_MEDICATION (patient_sin, item_id) VALUES (789012345, 29);
INSERT INTO PATIENT_ORDERS_MEDICATION (patient_sin, item_id) VALUES (789012345, 33);
INSERT INTO PATIENT_ORDERS_MEDICATION (patient_sin, item_id) VALUES (890123456, 28);
INSERT INTO PATIENT_ORDERS_MEDICATION (patient_sin, item_id) VALUES (890123456, 30);
INSERT INTO PATIENT_ORDERS_MEDICATION (patient_sin, item_id) VALUES (890123456, 32);
INSERT INTO PATIENT_ORDERS_MEDICATION (patient_sin, item_id) VALUES (901234567, 26);
INSERT INTO PATIENT_ORDERS_MEDICATION (patient_sin, item_id) VALUES (901234567, 33);
INSERT INTO PATIENT_ORDERS_MEDICATION (patient_sin, item_id) VALUES (901234567, 37);
INSERT INTO PATIENT_ORDERS_MEDICATION (patient_sin, item_id) VALUES (12345678, 27);
INSERT INTO PATIENT_ORDERS_MEDICATION (patient_sin, item_id) VALUES (12345678, 29);
INSERT INTO PATIENT_ORDERS_MEDICATION (patient_sin, item_id) VALUES (12345678, 31);
INSERT INTO PATIENT_ORDERS_MEDICATION (patient_sin, item_id) VALUES (12345678, 38);
INSERT INTO PATIENT_ORDERS_MEDICATION (patient_sin, item_id) VALUES (12345678, 43);
INSERT INTO PATIENT_ORDERS_MEDICATION (patient_sin, item_id) VALUES (123450987, 26);
INSERT INTO PATIENT_ORDERS_MEDICATION (patient_sin, item_id) VALUES (123450987, 28);
INSERT INTO PATIENT_ORDERS_MEDICATION (patient_sin, item_id) VALUES (123450987, 29);
INSERT INTO PATIENT_ORDERS_MEDICATION (patient_sin, item_id) VALUES (123450987, 32);
